,rmse,mean,median,std,min,max,sse
rgbd_dataset_freiburg1_desk2-groundtruth.txt,1.219976995322501,0.7209831957933465,0.16118877132108186,0.9841377446779139,0.03372476834612802,2.468996871200934,858.77441248
rgbd_dataset_freiburg1_floor-groundtruth.txt,0.39824633255539965,0.16613926576875185,0.04796175559755933,0.3619363006989573,0.016900295855398467,1.9451834566436144,169.54355114999996
rgbd_dataset_freiburg1_360-groundtruth.txt,0.38649048442262735,0.3610083294685798,0.37100099730324176,0.1380140594415747,0.03197889929312769,0.6485165225343145,107.69929897
rgbd_dataset_freiburg1_rpy-groundtruth.txt,0.028173332356165384,0.0259090359516027,0.023595188378315722,0.011066097420026367,0.006271363488110146,0.10231177840307543,0.49846661999999997
rgbd_dataset_freiburg1_xyz-groundtruth.txt,0.06269678430274364,0.06244687234213805,0.06166044112719277,0.005592396319063531,0.04625191887911244,0.08995476641068002,2.8892017699999997
rgbd_dataset_freiburg1_desk-groundtruth.txt,0.12354557656232376,0.1205100154891794,0.12097491475508462,0.02721848002579758,0.03618452707995506,0.1875570846435826,8.34913969
rgbd_dataset_freiburg1_room-groundtruth.txt,0.290971698472222,0.18134017973530014,0.122264753710953,0.22755278184495728,0.020909567188251266,1.1901747476736346,99.650151
